<?xml version="1.0" encoding="utf-8" ?>
<dwsync>
<file name="tNG.inc.php" server="nilao.com.br/public_html/ThiagoFreire/" local="131188664642674143" remote="131188679400000000" />
<file name="tNG.class.php" server="nilao.com.br/public_html/ThiagoFreire/" local="131188664636716612" remote="131188679400000000" />
<file name="tNG_config.inc.php" server="nilao.com.br/public_html/ThiagoFreire/" local="131188699627695849" remote="131188700400000000" />
<file name="tNG_custom.class.php" server="nilao.com.br/public_html/ThiagoFreire/" local="131188664636741879" remote="131188679400000000" />
<file name="tNG_delete.class.php" server="nilao.com.br/public_html/ThiagoFreire/" local="131188664636741879" remote="131188679400000000" />
<file name="tNG_dispatcher.class.php" server="nilao.com.br/public_html/ThiagoFreire/" local="131188664636761902" remote="131188679400000000" />
<file name="tNG_error.class.php" server="nilao.com.br/public_html/ThiagoFreire/" local="131188664636761902" remote="131188679400000000" />
<file name="tNG_fields.class.php" server="nilao.com.br/public_html/ThiagoFreire/" local="131188664636781904" remote="131188679400000000" />
<file name="tNG_functions.inc.php" server="nilao.com.br/public_html/ThiagoFreire/" local="131188664636781904" remote="131188679400000000" />
<file name="tNG_import.class.php" server="nilao.com.br/public_html/ThiagoFreire/" local="131188664636801906" remote="131188679400000000" />
<file name="tNG_insert.class.php" server="nilao.com.br/public_html/ThiagoFreire/" local="131188664636801906" remote="131188679400000000" />
<file name="tNG_log.class.php" server="nilao.com.br/public_html/ThiagoFreire/" local="131188664636821908" remote="131188679400000000" />
<file name="tNG_login.class.php" server="nilao.com.br/public_html/ThiagoFreire/" local="131188664637989922" remote="131188679400000000" />
<file name="tNG_logoutTransaction.class.php" server="nilao.com.br/public_html/ThiagoFreire/" local="131188664638009924" remote="131188679400000000" />
<file name="tNG_multiple.class.php" server="nilao.com.br/public_html/ThiagoFreire/" local="131188664636821908" remote="131188679400000000" />
<file name="tNG_multipleDelete.class.php" server="nilao.com.br/public_html/ThiagoFreire/" local="131188664641235771" remote="131188679400000000" />
<file name="tNG_multipleInsert.class.php" server="nilao.com.br/public_html/ThiagoFreire/" local="131188664641255770" remote="131188679400000000" />
<file name="tNG_multipleUpdate.class.php" server="nilao.com.br/public_html/ThiagoFreire/" local="131188664641255770" remote="131188679400000000" />
<file name="tNG_update.class.php" server="nilao.com.br/public_html/ThiagoFreire/" local="131188664636841984" remote="131188679400000000" />
<file name="tNG.inc.php" server="nilao.com.br/public_html/thiago/" local="131188664642674143" remote="131188730400000000" />
<file name="tNG_config.inc.php" server="nilao.com.br/public_html/thiago/" local="131188736121975777" remote="131188737000000000" />
</dwsync>