<?xml version="1.0" encoding="utf-8" ?>
<dwsync>
<file name="BaseListSorter.js" server="nilao.com.br/public_html/ThiagoFreire/" local="131188664640455724" remote="131188680000000000" />
<file name="Calendar.js" server="nilao.com.br/public_html/ThiagoFreire/" local="131188664640455724" remote="131188680000000000" />
<file name="CommaCheckboxes.js" server="nilao.com.br/public_html/ThiagoFreire/" local="131188664640475728" remote="131188680600000000" />
<file name="CommaMenu.js" server="nilao.com.br/public_html/ThiagoFreire/" local="131188664640475728" remote="131188680600000000" />
<file name="DependentDropdown.js" server="nilao.com.br/public_html/ThiagoFreire/" local="131188664640495749" remote="131188680600000000" />
<file name="DiscreetSlider.js" server="nilao.com.br/public_html/ThiagoFreire/" local="131188664640515726" remote="131188680600000000" />
<file name="DynamicInput.js" server="nilao.com.br/public_html/ThiagoFreire/" local="131188664640515726" remote="131188680600000000" />
<file name="JSRecordset.js" server="nilao.com.br/public_html/ThiagoFreire/" local="131188664640535727" remote="131188680600000000" />
<file name="ListSorter.js" server="nilao.com.br/public_html/ThiagoFreire/" local="131188664640535727" remote="131188680600000000" />
<file name="MaskedInput.js" server="nilao.com.br/public_html/ThiagoFreire/" local="131188664640555729" remote="131188680600000000" />
<file name="MenuMover.js" server="nilao.com.br/public_html/ThiagoFreire/" local="131188664640555729" remote="131188680600000000" />
<file name="MXWidgets.js" server="nilao.com.br/public_html/ThiagoFreire/" local="131188664640575808" remote="131188680600000000" />
<file name="MXWidgets.js.php" server="nilao.com.br/public_html/ThiagoFreire/" local="131188664640915750" remote="131188680600000000" />
<file name="N1DependentField.js" server="nilao.com.br/public_html/ThiagoFreire/" local="131188664640575808" remote="131188680600000000" />
<file name="NumericInput.js" server="nilao.com.br/public_html/ThiagoFreire/" local="131188664640595729" remote="131188680600000000" />
<file name="RegexpValidator.js" server="nilao.com.br/public_html/ThiagoFreire/" local="131188664640615731" remote="131188680600000000" />
<file name="RestrictedTextArea.js" server="nilao.com.br/public_html/ThiagoFreire/" local="131188664640615731" remote="131188680600000000" />
<file name="Slider.js" server="nilao.com.br/public_html/ThiagoFreire/" local="131188664640635733" remote="131188680600000000" />
<file name="SmartDate.js" server="nilao.com.br/public_html/ThiagoFreire/" local="131188664640635733" remote="131188680600000000" />
</dwsync>