<?xml version="1.0" encoding="utf-8" ?>
<dwsync>
<file name="opener.html" server="nilao.com.br/public_html/ThiagoFreire/" local="131188664641554073" remote="131188677600000000" />
<file name="blank.html" server="nilao.com.br/public_html/ThiagoFreire/" local="131188664641435785" remote="131188677000000000" />
<file name="canvas.html" server="nilao.com.br/public_html/ThiagoFreire/" local="131188664641435785" remote="131188677000000000" />
<file name="dlgEditAlias.html" server="nilao.com.br/public_html/ThiagoFreire/" local="131188664641455787" remote="131188677000000000" />
<file name="dlgEditCondition.html" server="nilao.com.br/public_html/ThiagoFreire/" local="131188664641474134" remote="131188677000000000" />
<file name="dlgEditRelation.html" server="nilao.com.br/public_html/ThiagoFreire/" local="131188664641474134" remote="131188677000000000" />
<file name="dlgLoad.html" server="nilao.com.br/public_html/ThiagoFreire/" local="131188664641494052" remote="131188677000000000" />
<file name="dlgNewQuery.html" server="nilao.com.br/public_html/ThiagoFreire/" local="131188664641494052" remote="131188677000000000" />
<file name="dlgPrint.html" server="nilao.com.br/public_html/ThiagoFreire/" local="131188664641514072" remote="131188677000000000" />
<file name="dlgSave.html" server="nilao.com.br/public_html/ThiagoFreire/" local="131188664641514072" remote="131188677000000000" />
<file name="dlgSettings.html" server="nilao.com.br/public_html/ThiagoFreire/" local="131188664641534071" remote="131188677000000000" />
<file name="index.html" server="nilao.com.br/public_html/ThiagoFreire/" local="131188664641534071" remote="131188677600000000" />
<file name="qub.html" server="nilao.com.br/public_html/ThiagoFreire/" local="131188664641554073" remote="131188677600000000" />
<file name="queryResult.html" server="nilao.com.br/public_html/ThiagoFreire/" local="131188664641574074" remote="131188677600000000" />
<file name="removess.html" server="nilao.com.br/public_html/ThiagoFreire/" local="131188664641574074" remote="131188677600000000" />
<file name="showQuery.html" server="nilao.com.br/public_html/ThiagoFreire/" local="131188664641594076" remote="131188677600000000" />
<file name="sqlRows.html" server="nilao.com.br/public_html/ThiagoFreire/" local="131188664641594076" remote="131188677600000000" />
<file name="syncTable.html" server="nilao.com.br/public_html/ThiagoFreire/" local="131188664641614078" remote="131188677600000000" />
</dwsync>