<?xml version="1.0" encoding="utf-8" ?>
<dwsync>
<file name="cannot_thumbnail.gif" server="nilao.com.br/public_html/ThiagoFreire/" local="131188664639975689" remote="131188678200000000" />
<file name="down.gif" server="nilao.com.br/public_html/ThiagoFreire/" local="131188685153134549" remote="131188686000000000" />
<file name="error.gif" server="nilao.com.br/public_html/ThiagoFreire/" local="131188685153154548" remote="131188686000000000" />
<file name="img_not_found.gif" server="nilao.com.br/public_html/ThiagoFreire/" local="131188664639995688" remote="131188678800000000" />
<file name="menuarrow.gif" server="nilao.com.br/public_html/ThiagoFreire/" local="131188685153174546" remote="131188686000000000" />
<file name="menuarrow2.gif" server="nilao.com.br/public_html/ThiagoFreire/" local="131188664640015692" remote="131188678800000000" />
<file name="up.gif" server="nilao.com.br/public_html/ThiagoFreire/" local="131188685153194548" remote="131188686000000000" />
<file name="warning.gif" server="nilao.com.br/public_html/ThiagoFreire/" local="131188685153214553" remote="131188686000000000" />
<file name="wdg_down.gif" server="nilao.com.br/public_html/ThiagoFreire/" local="131188685153214553" remote="131188686000000000" />
<file name="wdg_up.gif" server="nilao.com.br/public_html/ThiagoFreire/" local="131188685153234551" remote="131188686000000000" />
<file name="wdg_up.gif" server="nilao.com.br/public_html/thiago/" local="131188685153234551" remote="131188730400000000" />
<file name="wdg_down.gif" server="nilao.com.br/public_html/thiago/" local="131188685153214553" remote="131188730400000000" />
<file name="down.gif" server="nilao.com.br/public_html/thiago/" local="131188685153134549" remote="131188730400000000" />
<file name="menuarrow.gif" server="nilao.com.br/public_html/thiago/" local="131188685153174546" remote="131188730400000000" />
<file name="error.gif" server="nilao.com.br/public_html/thiago/" local="131188685153154548" remote="131188730400000000" />
<file name="warning.gif" server="nilao.com.br/public_html/thiago/" local="131188685153214553" remote="131188730400000000" />
<file name="up.gif" server="nilao.com.br/public_html/thiago/" local="131188685153194548" remote="131188730400000000" />
</dwsync>