<?xml version="1.0" encoding="utf-8" ?>
<dwsync>
<file name="NAV.php" server="nilao.com.br/public_html/ThiagoFreire/" local="131188664641015762" remote="131188676400000000" />
<file name="NAV_AZ.class.php" server="nilao.com.br/public_html/ThiagoFreire/" local="131188664641035764" remote="131188676400000000" />
<file name="NAV_AZ.inc.php" server="nilao.com.br/public_html/ThiagoFreire/" local="131188664641035764" remote="131188676400000000" />
<file name="NAV_Category.class.php" server="nilao.com.br/public_html/ThiagoFreire/" local="131188664641055759" remote="131188676400000000" />
<file name="NAV_Category.inc.php" server="nilao.com.br/public_html/ThiagoFreire/" local="131188664641075767" remote="131188676400000000" />
<file name="NAV_CategoryPrevNext.inc.php" server="nilao.com.br/public_html/ThiagoFreire/" local="131188664641075767" remote="131188676400000000" />
<file name="NAV_functions.inc.php" server="nilao.com.br/public_html/ThiagoFreire/" local="131188664641095763" remote="131188676400000000" />
<file name="NAV_Page_Navigation.class.php" server="nilao.com.br/public_html/ThiagoFreire/" local="131188664641095763" remote="131188676400000000" />
<file name="NAV_Page_Navigation.inc.php" server="nilao.com.br/public_html/ThiagoFreire/" local="131188664641115767" remote="131188676400000000" />
<file name="NAV_Page_Statistics.inc.php" server="nilao.com.br/public_html/ThiagoFreire/" local="131188664641115767" remote="131188676400000000" />
<file name="NAV_Regular.class.php" server="nilao.com.br/public_html/ThiagoFreire/" local="131188664641135763" remote="131188676400000000" />
<file name="NAV_Text_Navigation.inc.php" server="nilao.com.br/public_html/ThiagoFreire/" local="131188664641155768" remote="131188676400000000" />
<file name="NAV_Text_Statistics.inc.php" server="nilao.com.br/public_html/ThiagoFreire/" local="131188664641155768" remote="131188676400000000" />
</dwsync>