<?xml version="1.0" encoding="utf-8" ?>
<dwsync>
<file name="blank.html" server="nilao.com.br/public_html/ThiagoFreire/" local="131188664635956304" remote="131188679400000000" />
<file name="browseButton.swf" server="nilao.com.br/public_html/ThiagoFreire/" local="131188664642234224" remote="131188679400000000" />
<file name="flashembed.js" server="nilao.com.br/public_html/ThiagoFreire/" local="131188664642254222" remote="131188679400000000" />
<file name="loading.gif" server="nilao.com.br/public_html/ThiagoFreire/" local="131188664642274224" remote="131188679400000000" />
<file name="multiple_upload.css" server="nilao.com.br/public_html/ThiagoFreire/" local="131188664642274224" remote="131188679400000000" />
<file name="multiple_upload.inc.php" server="nilao.com.br/public_html/ThiagoFreire/" local="131188664642454258" remote="131188679400000000" />
<file name="multiple_upload.php" server="nilao.com.br/public_html/ThiagoFreire/" local="131188664642454258" remote="131188679400000000" />
<file name="popup_image.php" server="nilao.com.br/public_html/ThiagoFreire/" local="131188664642474142" remote="131188679400000000" />
<file name="tNG_download.php" server="nilao.com.br/public_html/ThiagoFreire/" local="131188664642494227" remote="131188679400000000" />
<file name="tNG_download4.php" server="nilao.com.br/public_html/ThiagoFreire/" local="131188664642494227" remote="131188679400000000" />
<file name="uploadProgess.swf" server="nilao.com.br/public_html/ThiagoFreire/" local="131188664642294223" remote="131188679400000000" />
</dwsync>