<?xml version="1.0" encoding="utf-8" ?>
<dwsync>
<file name="column_pk.gif" server="nilao.com.br/public_html/ThiagoFreire/" local="131188664641654081" remote="131188677000000000" />
<file name="column_fk.gif" server="nilao.com.br/public_html/ThiagoFreire/" local="131188664641634079" remote="131188677000000000" />
<file name="question1.gif" server="nilao.com.br/public_html/ThiagoFreire/" local="131188664641734085" remote="131188677000000000" />
<file name="close_tab.gif" server="nilao.com.br/public_html/ThiagoFreire/" local="131188664641634079" remote="131188677000000000" />
<file name="delete.gif" server="nilao.com.br/public_html/ThiagoFreire/" local="131188664641674080" remote="131188677000000000" />
<file name="help.gif" server="nilao.com.br/public_html/ThiagoFreire/" local="131188664641674080" remote="131188677000000000" />
<file name="interakt.jpg" server="nilao.com.br/public_html/ThiagoFreire/" local="131188664641694081" remote="131188677000000000" />
<file name="new.gif" server="nilao.com.br/public_html/ThiagoFreire/" local="131188664641694081" remote="131188677000000000" />
<file name="next.gif" server="nilao.com.br/public_html/ThiagoFreire/" local="131188664641714083" remote="131188677000000000" />
<file name="nimic.gif" server="nilao.com.br/public_html/ThiagoFreire/" local="131188664641714083" remote="131188677000000000" />
<file name="open_tab.gif" server="nilao.com.br/public_html/ThiagoFreire/" local="131188664641734085" remote="131188677000000000" />
<file name="relation_add.gif" server="nilao.com.br/public_html/ThiagoFreire/" local="131188664641754086" remote="131188677000000000" />
<file name="relation_rm.gif" server="nilao.com.br/public_html/ThiagoFreire/" local="131188664641754086" remote="131188677000000000" />
<file name="save.gif" server="nilao.com.br/public_html/ThiagoFreire/" local="131188664641774088" remote="131188677000000000" />
<file name="save_as.gif" server="nilao.com.br/public_html/ThiagoFreire/" local="131188664641774088" remote="131188677000000000" />
<file name="table_add.gif" server="nilao.com.br/public_html/ThiagoFreire/" local="131188664641794214" remote="131188677000000000" />
<file name="table_rm.gif" server="nilao.com.br/public_html/ThiagoFreire/" local="131188664641794214" remote="131188677000000000" />
<file name="top.gif" server="nilao.com.br/public_html/ThiagoFreire/" local="131188664641814216" remote="131188677000000000" />
<file name="topleft.gif" server="nilao.com.br/public_html/ThiagoFreire/" local="131188664641814216" remote="131188677000000000" />
<file name="topright.gif" server="nilao.com.br/public_html/ThiagoFreire/" local="131188664641834215" remote="131188677000000000" />
<file name="zoom_in.gif" server="nilao.com.br/public_html/ThiagoFreire/" local="131188664641834215" remote="131188677000000000" />
<file name="zoom_out.gif" server="nilao.com.br/public_html/ThiagoFreire/" local="131188664641854244" remote="131188677000000000" />
</dwsync>