<?xml version="1.0" encoding="utf-8" ?>
<dwsync>
<file name="model.js" server="nilao.com.br/public_html/ThiagoFreire/" local="131188664641974111" remote="131188677000000000" />
<file name="dragndrop.js" server="nilao.com.br/public_html/ThiagoFreire/" local="131188664641914197" remote="131188677000000000" />
<file name="links.js" server="nilao.com.br/public_html/ThiagoFreire/" local="131188664641934204" remote="131188677000000000" />
<file name="table.js" server="nilao.com.br/public_html/ThiagoFreire/" local="131188664642034207" remote="131188677600000000" />
<file name="sql.js" server="nilao.com.br/public_html/ThiagoFreire/" local="131188664642014208" remote="131188677600000000" />
<file name="tabsets.js" server="nilao.com.br/public_html/ThiagoFreire/" local="131188664642034207" remote="131188677600000000" />
<file name="chromeless.js" server="nilao.com.br/public_html/ThiagoFreire/" local="131188664641874199" remote="131188677000000000" />
<file name="contextMenu.js" server="nilao.com.br/public_html/ThiagoFreire/" local="131188664641894195" remote="131188677000000000" />
<file name="zoom.js" server="nilao.com.br/public_html/ThiagoFreire/" local="131188664642074207" remote="131188677600000000" />
<file name="config.js" server="nilao.com.br/public_html/ThiagoFreire/" local="131188664641894195" remote="131188677000000000" />
<file name="mmdb.js" server="nilao.com.br/public_html/ThiagoFreire/" local="131188664641954228" remote="131188677000000000" />
<file name="canvas.js" server="nilao.com.br/public_html/ThiagoFreire/" local="131188664641874199" remote="131188677000000000" />
<file name="utils.js" server="nilao.com.br/public_html/ThiagoFreire/" local="131188664642054205" remote="131188677600000000" />
<file name="file.js" server="nilao.com.br/public_html/ThiagoFreire/" local="131188664641934204" remote="131188677000000000" />
<file name="menu.js" server="nilao.com.br/public_html/ThiagoFreire/" local="131188664641954228" remote="131188677000000000" />
<file name="nifty.js" server="nilao.com.br/public_html/ThiagoFreire/" local="131188664641994107" remote="131188677600000000" />
<file name="qub.js" server="nilao.com.br/public_html/ThiagoFreire/" local="131188664641994107" remote="131188677600000000" />
<file name="querystring.js" server="nilao.com.br/public_html/ThiagoFreire/" local="131188664642014208" remote="131188677600000000" />
<file name="tohtml.js" server="nilao.com.br/public_html/ThiagoFreire/" local="131188664642054205" remote="131188677600000000" />
</dwsync>