<?xml version="1.0" encoding="utf-8" ?>
<dwsync>
<file name="cal.css" server="nilao.com.br/public_html/ThiagoFreire/" local="131188685153054539" remote="131188686000000000" />
<file name="nav.css" server="nilao.com.br/public_html/ThiagoFreire/" local="131188685153074541" remote="131188686000000000" />
<file name="nxt.css" server="nilao.com.br/public_html/ThiagoFreire/" local="131188685153074541" remote="131188686000000000" />
<file name="preview.gif" server="nilao.com.br/public_html/ThiagoFreire/" local="131188664639935686" remote="131188678800000000" />
<file name="tng.css" server="nilao.com.br/public_html/ThiagoFreire/" local="131188685153094542" remote="131188686000000000" />
<file name="wdg.css" server="nilao.com.br/public_html/ThiagoFreire/" local="131188685153114544" remote="131188686000000000" />
<file name="nav.css" server="nilao.com.br/public_html/thiago/" local="131188685153074541" remote="131188730400000000" />
<file name="wdg.css" server="nilao.com.br/public_html/thiago/" local="131188685153114544" remote="131188730400000000" />
<file name="tng.css" server="nilao.com.br/public_html/thiago/" local="131188685153094542" remote="131188730400000000" />
<file name="nxt.css" server="nilao.com.br/public_html/thiago/" local="131188685153074541" remote="131188730400000000" />
<file name="cal.css" server="nilao.com.br/public_html/thiago/" local="131188685153054539" remote="131188730400000000" />
</dwsync>