<?xml version="1.0" encoding="utf-8" ?>
<dwsync>
<file name="bg.gif" server="nilao.com.br/public_html/ThiagoFreire/" local="131188664639775675" remote="131188678200000000" />
<file name="bg_sel.gif" server="nilao.com.br/public_html/ThiagoFreire/" local="131188664639775675" remote="131188678200000000" />
<file name="cannot_thumbnail.gif" server="nilao.com.br/public_html/ThiagoFreire/" local="131188664639795770" remote="131188678200000000" />
<file name="down.gif" server="nilao.com.br/public_html/ThiagoFreire/" local="131188664639795770" remote="131188678200000000" />
<file name="error.gif" server="nilao.com.br/public_html/ThiagoFreire/" local="131188664639815678" remote="131188678200000000" />
<file name="img_not_found.gif" server="nilao.com.br/public_html/ThiagoFreire/" local="131188664639835677" remote="131188678200000000" />
<file name="menuarrow.gif" server="nilao.com.br/public_html/ThiagoFreire/" local="131188664639835677" remote="131188678200000000" />
<file name="menuarrow2.gif" server="nilao.com.br/public_html/ThiagoFreire/" local="131188664639855682" remote="131188678200000000" />
<file name="up.gif" server="nilao.com.br/public_html/ThiagoFreire/" local="131188664639855682" remote="131188678200000000" />
<file name="warning.gif" server="nilao.com.br/public_html/ThiagoFreire/" local="131188664639875680" remote="131188678200000000" />
<file name="wdg_down.gif" server="nilao.com.br/public_html/ThiagoFreire/" local="131188664639875680" remote="131188678200000000" />
<file name="wdg_up.gif" server="nilao.com.br/public_html/ThiagoFreire/" local="131188664639895685" remote="131188678200000000" />
</dwsync>