<?xml version="1.0" encoding="utf-8" ?>
<dwsync>
<file name="forgot_password.php" server="nilao.com.br/public_html/ThiagoFreire/" local="131188687147606036" remote="131188696200000000" />
<file name="index.php" server="nilao.com.br/public_html/ThiagoFreire/" local="131188699958594675" remote="131188700400000000" />
<file name="logado.php" server="nilao.com.br/public_html/ThiagoFreire/" local="131188697922869180" remote="131188698600000000" />
<file name="logado2.php" server="nilao.com.br/public_html/ThiagoFreire/" local="131188698133010113" remote="131188698600000000" />
<file name="cad_user.php" server="nilao.com.br/public_html/thiago/" local="131188719018675677" remote="131188719600000000" />
<file name="index.php" server="nilao.com.br/public_html/thiago/" local="131188729682336881" remote="131188730400000000" />
<file name="activate.php" server="nilao.com.br/public_html/thiago/" local="131188716300292419" remote="131188718400000000" />
<file name="logado.php" server="nilao.com.br/public_html/thiago/" local="131188727792367946" remote="131188728600000000" />
<file name="logado2.php" server="nilao.com.br/public_html/thiago/" local="131188727869190123" remote="131188728600000000" />
</dwsync>