<?xml version="1.0" encoding="utf-8" ?>
<dwsync>
<file name="cannot_thumbnail.gif" server="nilao.com.br/public_html/ThiagoFreire/" local="131188664640135699" remote="131188678800000000" />
<file name="down.gif" server="nilao.com.br/public_html/ThiagoFreire/" local="131188664640155701" remote="131188678800000000" />
<file name="error.gif" server="nilao.com.br/public_html/ThiagoFreire/" local="131188664640175703" remote="131188678800000000" />
<file name="img_not_found.gif" server="nilao.com.br/public_html/ThiagoFreire/" local="131188664640175703" remote="131188678800000000" />
<file name="menuarrow.gif" server="nilao.com.br/public_html/ThiagoFreire/" local="131188664640195705" remote="131188678800000000" />
<file name="menuarrow2.gif" server="nilao.com.br/public_html/ThiagoFreire/" local="131188664640195705" remote="131188678800000000" />
<file name="up.gif" server="nilao.com.br/public_html/ThiagoFreire/" local="131188664640215703" remote="131188678800000000" />
<file name="warning.gif" server="nilao.com.br/public_html/ThiagoFreire/" local="131188664640215703" remote="131188678800000000" />
<file name="wdg_down.gif" server="nilao.com.br/public_html/ThiagoFreire/" local="131188664640235708" remote="131188678800000000" />
<file name="wdg_up.gif" server="nilao.com.br/public_html/ThiagoFreire/" local="131188664640235708" remote="131188678800000000" />
</dwsync>