<?xml version="1.0" encoding="utf-8" ?>
<dwsync>
<file name="calendar.js" server="nilao.com.br/public_html/ThiagoFreire/" local="131188664636156324" remote="131188677600000000" />
<file name="Captcha.res.php" server="nilao.com.br/public_html/ThiagoFreire/" local="131188664636176323" remote="131188677600000000" />
<file name="DB.res.php" server="nilao.com.br/public_html/ThiagoFreire/" local="131188664636176323" remote="131188677600000000" />
<file name="Email.res.php" server="nilao.com.br/public_html/ThiagoFreire/" local="131188664636196322" remote="131188677600000000" />
<file name="FakeRecordset.res.php" server="nilao.com.br/public_html/ThiagoFreire/" local="131188664636196322" remote="131188677600000000" />
<file name="File.res.php" server="nilao.com.br/public_html/ThiagoFreire/" local="131188664636216323" remote="131188677600000000" />
<file name="FileUpload.res.php" server="nilao.com.br/public_html/ThiagoFreire/" local="131188664636216323" remote="131188677600000000" />
<file name="Folder.res.php" server="nilao.com.br/public_html/ThiagoFreire/" local="131188664636236325" remote="131188677600000000" />
<file name="Image.res.php" server="nilao.com.br/public_html/ThiagoFreire/" local="131188664636236325" remote="131188677600000000" />
<file name="Image_pro.res.php" server="nilao.com.br/public_html/ThiagoFreire/" local="131188664636256327" remote="131188677600000000" />
<file name="language.txt" server="nilao.com.br/public_html/ThiagoFreire/" local="131188664636256327" remote="131188677600000000" />
<file name="MXI.res.php" server="nilao.com.br/public_html/ThiagoFreire/" local="131188664636276328" remote="131188677600000000" />
<file name="NAV.res.php" server="nilao.com.br/public_html/ThiagoFreire/" local="131188664636276328" remote="131188677600000000" />
<file name="NXT.res.php" server="nilao.com.br/public_html/ThiagoFreire/" local="131188664636296327" remote="131188677600000000" />
<file name="Shell.res.php" server="nilao.com.br/public_html/ThiagoFreire/" local="131188664636296327" remote="131188677600000000" />
<file name="tNG.res.php" server="nilao.com.br/public_html/ThiagoFreire/" local="131188664636356332" remote="131188677600000000" />
<file name="tNG_FormValidation.res.php" server="nilao.com.br/public_html/ThiagoFreire/" local="131188664636356332" remote="131188677600000000" />
<file name="tNG_pro.res.php" server="nilao.com.br/public_html/ThiagoFreire/" local="131188664636376334" remote="131188677600000000" />
<file name="WDG.res.php" server="nilao.com.br/public_html/ThiagoFreire/" local="131188664636376334" remote="131188677600000000" />
</dwsync>