<?xml version="1.0" encoding="utf-8" ?>
<dwsync>
<file name=".tidyconf" server="nilao.com.br/public_html/ThiagoFreire/" local="131188664637321941" remote="131188679400000000" />
<file name="tNG_Captcha.class.php" server="nilao.com.br/public_html/ThiagoFreire/" local="131188664637409981" remote="131188679400000000" />
<file name="tNG_CheckDetailRecord.class.php" server="nilao.com.br/public_html/ThiagoFreire/" local="131188664637429883" remote="131188679400000000" />
<file name="tNG_CheckMasterRecord.class.php" server="nilao.com.br/public_html/ThiagoFreire/" local="131188664637429883" remote="131188680000000000" />
<file name="tNG_CheckTableField.class.php" server="nilao.com.br/public_html/ThiagoFreire/" local="131188664636861911" remote="131188680000000000" />
<file name="tNG_CheckUnique.class.php" server="nilao.com.br/public_html/ThiagoFreire/" local="131188664636861911" remote="131188680000000000" />
<file name="tNG_ChkForbiddenWords.class.php" server="nilao.com.br/public_html/ThiagoFreire/" local="131188664637449885" remote="131188680000000000" />
<file name="tNG_defTrigg.inc.php" server="nilao.com.br/public_html/ThiagoFreire/" local="131188664636881910" remote="131188680000000000" />
<file name="tNG_DeleteDetailRec.class.php" server="nilao.com.br/public_html/ThiagoFreire/" local="131188664637449885" remote="131188680000000000" />
<file name="tNG_DeleteFolder.class.php" server="nilao.com.br/public_html/ThiagoFreire/" local="131188664642514238" remote="131188680000000000" />
<file name="tNG_Download.class.php" server="nilao.com.br/public_html/ThiagoFreire/" local="131188664642514238" remote="131188680000000000" />
<file name="tNG_DynamicMedia.class.php" server="nilao.com.br/public_html/ThiagoFreire/" local="131188664642534237" remote="131188680000000000" />
<file name="tNG_DynamicThumbnail.class.php" server="nilao.com.br/public_html/ThiagoFreire/" local="131188664642534237" remote="131188680000000000" />
<file name="tNG_Email.class.php" server="nilao.com.br/public_html/ThiagoFreire/" local="131188664637889916" remote="131188680000000000" />
<file name="tNG_EmailPageSection.class.php" server="nilao.com.br/public_html/ThiagoFreire/" local="131188664637909915" remote="131188680000000000" />
<file name="tNG_EmailRecordset.class.php" server="nilao.com.br/public_html/ThiagoFreire/" local="131188664637909915" remote="131188680000000000" />
<file name="tNG_FieldCompare.class.php" server="nilao.com.br/public_html/ThiagoFreire/" local="131188664637469887" remote="131188680000000000" />
<file name="tNG_FileDelete.class.php" server="nilao.com.br/public_html/ThiagoFreire/" local="131188664642554242" remote="131188680000000000" />
<file name="tNG_FileListRecordset.class.php" server="nilao.com.br/public_html/ThiagoFreire/" local="131188664642554242" remote="131188680000000000" />
<file name="tNG_FileUpload.class.php" server="nilao.com.br/public_html/ThiagoFreire/" local="131188664642574293" remote="131188680000000000" />
<file name="tNG_FormValidation.class.php" server="nilao.com.br/public_html/ThiagoFreire/" local="131188664637489904" remote="131188680000000000" />
<file name="tNG_ImageUpload.class.php" server="nilao.com.br/public_html/ThiagoFreire/" local="131188664642594242" remote="131188680000000000" />
<file name="tNG_LinkedTrans.class.php" server="nilao.com.br/public_html/ThiagoFreire/" local="131188664636901911" remote="131188680000000000" />
<file name="tNG_Logout.class.php" server="nilao.com.br/public_html/ThiagoFreire/" local="131188664638029925" remote="131188680000000000" />
<file name="tNG_ManyToMany.class.php" server="nilao.com.br/public_html/ThiagoFreire/" local="131188664636921925" remote="131188680000000000" />
<file name="tNG_MFileUpload.class.php" server="nilao.com.br/public_html/ThiagoFreire/" local="131188664642594242" remote="131188680000000000" />
<file name="tNG_MImageUpload.class.php" server="nilao.com.br/public_html/ThiagoFreire/" local="131188664642614241" remote="131188680000000000" />
<file name="tNG_MtmFakeRs.class.php" server="nilao.com.br/public_html/ThiagoFreire/" local="131188664636921925" remote="131188680000000000" />
<file name="tNG_MuploadHelper.class.php" server="nilao.com.br/public_html/ThiagoFreire/" local="131188664642614241" remote="131188680000000000" />
<file name="tNG_Redirect.class.php" server="nilao.com.br/public_html/ThiagoFreire/" local="131188664636941915" remote="131188680000000000" />
<file name="tNG_RestrictAccess.class.php" server="nilao.com.br/public_html/ThiagoFreire/" local="131188664638029925" remote="131188680000000000" />
<file name="tNG_SetOrderField.class.php" server="nilao.com.br/public_html/ThiagoFreire/" local="131188664641275775" remote="131188680000000000" />
<file name="tNG_ThrowError.class.php" server="nilao.com.br/public_html/ThiagoFreire/" local="131188664636941915" remote="131188680000000000" />
<file name="tNG_TidyContent.class.php" server="nilao.com.br/public_html/ThiagoFreire/" local="131188664637489904" remote="131188680000000000" />
<file name="tNG_TidyContent.inc.php" server="nilao.com.br/public_html/ThiagoFreire/" local="131188664637529892" remote="131188680000000000" />
<file name="tNG_UserLoggedIn.class.php" server="nilao.com.br/public_html/ThiagoFreire/" local="131188664638049924" remote="131188680000000000" />
</dwsync>