<?xml version="1.0" encoding="utf-8" ?>
<dwsync>
<file name="normal-bg.gif" server="nilao.com.br/public_html/ThiagoFreire/" local="131188664639615664" remote="131188678200000000" />
<file name="title-bg.gif" server="nilao.com.br/public_html/ThiagoFreire/" local="131188664639635666" remote="131188678200000000" />
<file name="dark-bg.gif" server="nilao.com.br/public_html/ThiagoFreire/" local="131188664639535664" remote="131188678200000000" />
<file name="hover-bg.gif" server="nilao.com.br/public_html/ThiagoFreire/" local="131188664639575664" remote="131188678200000000" />
<file name="active-bg.gif" server="nilao.com.br/public_html/ThiagoFreire/" local="131188664639415660" remote="131188677600000000" />
<file name="button_big.gif" server="nilao.com.br/public_html/ThiagoFreire/" local="131188664639435658" remote="131188677600000000" />
<file name="button_small.gif" server="nilao.com.br/public_html/ThiagoFreire/" local="131188664639455809" remote="131188677600000000" />
<file name="button_smallest.gif" server="nilao.com.br/public_html/ThiagoFreire/" local="131188664639495984" remote="131188678200000000" />
<file name="cannot_thumbnail.gif" server="nilao.com.br/public_html/ThiagoFreire/" local="131188664639515671" remote="131188678200000000" />
<file name="down.gif" server="nilao.com.br/public_html/ThiagoFreire/" local="131188664639535664" remote="131188678200000000" />
<file name="error.gif" server="nilao.com.br/public_html/ThiagoFreire/" local="131188664639555659" remote="131188678200000000" />
<file name="img_not_found.gif" server="nilao.com.br/public_html/ThiagoFreire/" local="131188664639575664" remote="131188678200000000" />
<file name="menuarrow.gif" server="nilao.com.br/public_html/ThiagoFreire/" local="131188664639595663" remote="131188678200000000" />
<file name="menuarrow2.gif" server="nilao.com.br/public_html/ThiagoFreire/" local="131188664639595663" remote="131188678200000000" />
<file name="rowhover-bg.gif" server="nilao.com.br/public_html/ThiagoFreire/" local="131188664639615664" remote="131188678200000000" />
<file name="status-bg.gif" server="nilao.com.br/public_html/ThiagoFreire/" local="131188664639635666" remote="131188678200000000" />
<file name="today-bg.gif" server="nilao.com.br/public_html/ThiagoFreire/" local="131188664639655668" remote="131188678200000000" />
<file name="up.gif" server="nilao.com.br/public_html/ThiagoFreire/" local="131188664639655668" remote="131188678200000000" />
<file name="warning.gif" server="nilao.com.br/public_html/ThiagoFreire/" local="131188664639675670" remote="131188678200000000" />
<file name="wdg_down.gif" server="nilao.com.br/public_html/ThiagoFreire/" local="131188664639675670" remote="131188678200000000" />
<file name="wdg_up.gif" server="nilao.com.br/public_html/ThiagoFreire/" local="131188664639695668" remote="131188678200000000" />
</dwsync>